"","left","predicted"
"330",1,0.99932
"3042",1,0.99929
"3148",1,0.99928
"276",1,0.99913
"209",1,0.99909
"139",1,0.99908
"3018",1,0.99907
"3131",1,0.99901
"193",1,0.99896
"3014",1,0.99891
"3595",1,0.99889
"161",1,0.99887
"3713",1,0.99887
"3614",1,0.99886
"3637",1,0.99884
"381",1,0.99883
"145",1,0.99882
"3055",1,0.99882
"3690",1,0.99875
"147",1,0.99874
"3693",1,0.99874
"3742",1,0.99874
"155",1,0.99865
"265",1,0.99857
"9",1,0.9985
"3006",1,0.9985
"3571",1,0.9985
"172",1,0.99848
"452",1,0.99848
"135",1,0.99842
"347",1,0.99842
"3674",1,0.99842
"447",1,0.99832
"3597",1,0.99826
"3012",1,0.99815
"321",1,0.99804
"431",1,0.99801
"364",1,0.99799
"410",1,0.99799
"333",1,0.99795
"443",1,0.9979
"388",1,0.9977
"200",1,0.99766
"308",1,0.99743
"2990",1,0.99736
"187",1,0.99734
"174",1,0.99726
"3163",1,0.99726
"232",1,0.99563
"258",1,0.99562
"251",1,0.99559
"2999",1,0.99533
"401",1,0.99505
"3727",1,0.99501
"392",1,0.99496
"78",1,0.99455
"3594",1,0.99425
"3138",1,0.99399
"13",1,0.99395
"3560",1,0.99395
"293",1,0.99366
"289",1,0.99359
"3602",1,0.99356
"188",1,0.99335
"3054",1,0.99328
"493",1,0.99311
"180",1,0.99292
"2",1,0.99283
"2994",1,0.99283
"3676",1,0.9927
"25",1,0.99216
"3578",1,0.99216
"480",1,0.99212
"3063",1,0.99193
"3001",1,0.99187
"3558",1,0.99187
"137",1,0.99184
"3125",1,0.99184
"231",1,0.99181
"3603",1,0.9918
"313",1,0.99168
"35",1,0.99128
"3749",1,0.99125
"3187",1,0.99112
"282",1,0.9911
"260",1,0.99105
"385",1,0.99081
"479",1,0.99081
"468",1,0.9908
"3045",1,0.99064
"3022",1,0.99062
"3575",1,0.99062
"3623",1,0.99059
"104",1,0.9904
"3668",1,0.99023
"207",1,0.99021
"3707",1,0.99014
"487",1,0.99012
"3691",1,0.99002
"3079",1,0.98998
"21",1,0.98974
"43",1,0.98951
"3577",1,0.98887
"199",1,0.98854
"2998",1,0.98853
"3556",1,0.98853
"37",1,0.98851
"3035",1,0.98851
"314",1,0.9885
"197",1,0.98839
"3101",1,0.98823
"216",1,0.98821
"3046",1,0.98806
"3140",1,0.98793
"3643",1,0.98772
"92",1,0.9875
"3075",1,0.9875
"3037",1,0.98709
"454",1,0.98702
"3019",1,0.98701
"6",1,0.98699
"3120",1,0.98696
"16",1,0.98684
"451",1,0.98659
"95",1,0.98631
"459",1,0.98631
"3083",1,0.98631
"3587",1,0.98623
"400",1,0.9862
"150",1,0.98615
"292",1,0.98561
"3721",1,0.98557
"360",1,0.98516
"118",1,0.98512
"132",1,0.985
"3670",1,0.985
"219",1,0.98499
"250",1,0.98482
"24",1,0.98458
"23",1,0.9845
"299",1,0.98447
"3622",1,0.98424
"3660",1,0.98413
"3186",1,0.98401
"71",1,0.98376
"138",1,0.98357
"3684",1,0.98357
"3652",1,0.98346
"228",1,0.98338
"182",1,0.98337
"3168",1,0.98337
"80",1,0.9833
"34",1,0.98321
"3153",1,0.98223
"331",1,0.98218
"3159",1,0.98186
"179",1,0.98172
"40",1,0.98164
"3038",1,0.98164
"3593",1,0.98164
"28",1,0.98146
"264",1,0.98111
"332",1,0.98103
"467",1,0.98059
"349",1,0.98056
"221",1,0.98046
"3551",1,0.98023
"420",1,0.97973
"1014",0,0.97962
"66",1,0.97951
"432",1,0.97933
"390",1,0.97932
"169",1,0.9793
"408",1,0.97896
"3180",1,0.97847
"3655",1,0.97838
"88",1,0.9782
"3631",1,0.9782
"278",1,0.97787
"3598",1,0.97618
"175",1,0.97578
"239",1,0.97569
"3630",1,0.97567
"98",1,0.97493
"3726",1,0.97471
"1599",0,0.97447
"3177",1,0.97439
"212",1,0.97417
"379",1,0.97382
"433",1,0.97342
"54",1,0.97311
"14",1,0.97256
"3569",1,0.97256
"74",1,0.972
"843",0,0.97198
"77",1,0.9707
"3067",1,0.9707
"136",1,0.9694
"3122",1,0.9694
"296",1,0.969
"224",1,0.96807
"3675",1,0.96766
"3070",1,0.96714
"2163",0,0.96686
"3679",1,0.96315
"3073",1,0.96213
"3635",1,0.96213
"32",1,0.95949
"3031",1,0.95949
"326",1,0.95841
"2290",0,0.95807
"3076",1,0.95644
"1021",0,0.95615
"340",1,0.95569
"3735",1,0.95502
"3591",1,0.95501
"3704",1,0.95476
"909",0,0.95438
"134",1,0.95414
"3118",1,0.95414
"677",0,0.95353
"3253",0,0.9526
"3026",1,0.95192
"3583",1,0.95192
"383",1,0.94946
"2648",0,0.94935
"716",0,0.94893
"344",1,0.94801
"923",0,0.94608
"3712",1,0.94595
"547",0,0.94585
"116",1,0.94531
"2028",0,0.94492
"2676",0,0.94451
"1283",0,0.94411
"427",1,0.94331
"1443",0,0.94159
"2459",0,0.94069
"1630",0,0.93978
"102",1,0.93784
"2312",0,0.93708
"205",1,0.93652
"1448",0,0.93621
"259",1,0.93473
"235",1,0.9343
"1827",0,0.93349
"3570",1,0.93324
"2164",0,0.9327
"1935",0,0.93245
"521",0,0.92927
"1127",0,0.92195
"1535",0,0.91725
"1691",0,0.91724
"1138",0,0.91635
"435",1,0.91501
"2283",0,0.91269
"1145",0,0.91171
"3091",1,0.91155
"3646",1,0.91155
"156",1,0.91064
"3151",1,0.91064
"3709",1,0.91064
"1381",0,0.91015
"1953",0,0.9098
"1967",0,0.90842
"2153",0,0.90807
"516",0,0.90783
"3462",0,0.9076
"2883",0,0.90594
"2847",0,0.90468
"3395",0,0.90468
"2517",0,0.9036
"2024",0,0.90276
"990",0,0.90024
"2413",0,0.89933
"3064",1,0.89703
"2911",0,0.89672
"3645",1,0.89533
"2651",0,0.89394
"142",1,0.88942
"2113",0,0.88649
"1651",0,0.88382
"1031",0,0.88052
"2056",0,0.88043
"2572",0,0.87949
"2672",0,0.87536
"2564",0,0.87103
"1752",0,0.87061
"3310",0,0.86996
"770",0,0.86946
"638",0,0.8665
"1445",0,0.86359
"1561",0,0.86317
"1341",0,0.86146
"1809",0,0.86142
"2784",0,0.86111
"2710",0,0.85974
"1930",0,0.85872
"1175",0,0.85838
"3596",1,0.85758
"560",0,0.85654
"3069",1,0.85293
"3624",1,0.85293
"1392",0,0.85251
"900",0,0.85126
"3736",1,0.8506
"1108",0,0.84809
"957",0,0.8469
"416",1,0.8458
"2049",0,0.84453
"1909",0,0.84343
"1184",0,0.84258
"2682",0,0.84175
"1084",0,0.841
"2762",0,0.8407
"1528",0,0.83976
"2265",0,0.83963
"1898",0,0.83899
"2404",0,0.8368
"2356",0,0.83483
"22",1,0.83261
"3574",1,0.83261
"2406",0,0.8315
"2734",0,0.83029
"1164",0,0.82986
"1388",0,0.82501
"1366",0,0.82452
"2313",0,0.82371
"2922",0,0.82178
"3460",0,0.82178
"1794",0,0.81979
"2816",0,0.81687
"2177",0,0.8165
"1028",0,0.81578
"1173",0,0.81516
"1290",0,0.8144
"2852",0,0.81384
"1738",0,0.81356
"267",1,0.81199
"202",1,0.81196
"2281",0,0.81092
"94",1,0.81053
"245",1,0.81011
"1096",0,0.80988
"2237",0,0.80988
"2403",0,0.80965
"2969",0,0.80946
"805",0,0.80892
"1043",0,0.80836
"3262",0,0.80809
"363",1,0.80255
"428",1,0.80198
"1763",0,0.79884
"1275",0,0.79649
"3034",1,0.79345
"3590",1,0.79345
"1640",0,0.79337
"3627",1,0.79323
"463",1,0.79319
"2618",0,0.78954
"3566",1,0.78914
"2516",0,0.78869
"3562",1,0.7882
"1180",0,0.78739
"542",0,0.78627
"600",0,0.78567
"3004",1,0.78558
"1559",0,0.78544
"1394",0,0.78505
"108",1,0.78327
"3094",1,0.78327
"3649",1,0.78327
"343",1,0.78317
"33",1,0.78008
"3032",1,0.78008
"255",1,0.77967
"234",1,0.77965
"3610",1,0.77851
"1918",0,0.77789
"397",1,0.77757
"3589",1,0.77757
"2335",0,0.77754
"3731",1,0.77751
"294",1,0.77711
"1078",0,0.77578
"2256",0,0.77564
"5",1,0.77536
"1903",0,0.77443
"735",0,0.77393
"3725",1,0.77154
"30",1,0.77145
"3586",1,0.77145
"3158",1,0.77081
"3718",1,0.77081
"171",1,0.77057
"2521",0,0.76941
"238",1,0.7691
"1163",0,0.76852
"3128",1,0.76804
"189",1,0.76802
"372",1,0.76802
"83",1,0.7678
"3567",1,0.76711
"1750",0,0.76596
"67",1,0.76526
"3615",1,0.76526
"151",1,0.76403
"1908",0,0.76394
"3023",1,0.76115
"3576",1,0.76115
"3268",0,0.76059
"256",1,0.76058
"3662",1,0.76037
"191",1,0.75997
"3056",1,0.75976
"284",1,0.75954
"160",1,0.75945
"389",1,0.75814
"3078",1,0.75681
"3000",1,0.75527
"3029",1,0.7549
"3584",1,0.7549
"1431",0,0.75458
"450",1,0.75454
"285",1,0.75286
"2773",0,0.75131
"3307",0,0.75131
"2255",0,0.75123
"339",1,0.75107
"430",1,0.75073
"3137",1,0.75049
"3062",1,0.75042
"60",1,0.75021
"3748",1,0.75001
"12",1,0.74989
"3011",1,0.74989
"3613",1,0.74987
"281",1,0.74925
"275",1,0.74908
"723",0,0.74839
"3565",1,0.74838
"618",0,0.74817
"211",1,0.74782
"2282",0,0.74695
"323",1,0.7468
"306",1,0.74672
"465",1,0.74672
"3573",1,0.7458
"203",1,0.74576
"609",0,0.74347
"3107",1,0.74283
"1989",0,0.74133
"367",1,0.74125
"3659",1,0.74045
"2553",0,0.74044
"1166",0,0.73999
"1655",0,0.73999
"183",1,0.73977
"366",1,0.73888
"352",1,0.73887
"3160",1,0.73818
"46",1,0.73803
"3039",1,0.73696
"1041",0,0.73629
"3191",0,0.73612
"3090",1,0.73541
"230",1,0.7339
"106",1,0.73299
"3081",1,0.73248
"482",1,0.73246
"3740",1,0.73246
"1733",0,0.73182
"434",1,0.73159
"3169",1,0.73105
"1046",0,0.73059
"36",1,0.72998
"3084",1,0.72998
"2775",0,0.72992
"3309",0,0.72992
"2991",1,0.72991
"45",1,0.72889
"3106",1,0.72841
"3608",1,0.72795
"446",1,0.72779
"1609",0,0.72774
"3058",1,0.72765
"3609",1,0.72765
"371",1,0.72759
"3181",1,0.72749
"377",1,0.72729
"3170",1,0.72709
"1685",0,0.72699
"2354",0,0.72603
"3003",1,0.72523
"2302",0,0.7251
"3737",1,0.72412
"87",1,0.72386
"3629",1,0.72386
"7",1,0.72353
"3559",1,0.72353
"2974",0,0.72317
"3526",0,0.72317
"3077",1,0.72302
"3738",1,0.7229
"3174",1,0.72239
"461",1,0.72207
"376",1,0.72155
"1130",0,0.7211
"2640",0,0.72004
"20",1,0.71913
"3572",1,0.71913
"1214",0,0.71908
"3616",1,0.71859
"3184",1,0.71743
"961",0,0.71683
"387",1,0.71539
"61",1,0.71534
"1438",0,0.71512
"2137",0,0.71503
"419",1,0.71493
"417",1,0.71491
"3124",1,0.71437
"358",1,0.71435
"585",0,0.71434
"3503",0,0.71347
"233",1,0.71217
"327",1,0.71087
"476",1,0.71016
"406",1,0.70942
"490",1,0.70873
"3714",1,0.70871
"288",1,0.70806
"1647",0,0.70779
"3098",1,0.70775
"277",1,0.70644
"3483",0,0.70575
"311",1,0.70561
"2668",0,0.70533
"3061",1,0.70533
"64",1,0.70515
"3703",1,0.70472
"295",1,0.70456
"342",1,0.70404
"3041",1,0.70344
"365",1,0.70325
"3008",1,0.70291
"302",1,0.70272
"49",1,0.70261
"2500",0,0.70247
"3413",0,0.70229
"157",1,0.70228
"3711",1,0.70228
"1",1,0.7005
"357",1,0.7005
"2992",1,0.7005
"3647",1,0.70039
"2071",0,0.70023
"220",1,0.6999
"1736",0,0.69971
"3048",1,0.69959
"165",1,0.69919
"2446",0,0.69918
"1408",0,0.69915
"247",1,0.69748
"3716",1,0.69722
"84",1,0.69696
"3626",1,0.69696
"3739",1,0.69634
"2326",0,0.69615
"3162",1,0.69608
"424",1,0.69559
"96",1,0.69543
"1934",0,0.69542
"2427",0,0.69528
"3611",1,0.69516
"2274",0,0.69499
"3557",1,0.69419
"1412",0,0.6927
"99",1,0.69204
"739",0,0.69174
"2641",0,0.69126
"449",1,0.69114
"2200",0,0.69106
"2930",0,0.69092
"2986",0,0.69072
"2144",0,0.6905
"257",1,0.6903
"2995",1,0.69028
"418",1,0.68917
"3089",1,0.68856
"1373",0,0.68806
"273",1,0.68805
"8",1,0.68772
"1922",0,0.68705
"3669",1,0.68692
"68",1,0.68637
"11",1,0.68619
"3010",1,0.68619
"3564",1,0.68619
"3143",1,0.68607
"464",1,0.68522
"3730",1,0.68522
"162",1,0.68496
"3155",1,0.68496
"192",1,0.68492
"148",1,0.68468
"494",1,0.68468
"3139",1,0.68468
"813",0,0.6846
"2476",0,0.68392
"3154",1,0.68379
"3698",1,0.68364
"177",1,0.68274
"3130",1,0.68244
"423",1,0.68136
"2993",1,0.68027
"3554",1,0.68027
"3182",1,0.67942
"307",1,0.67941
"3179",1,0.67898
"112",1,0.67895
"3096",1,0.67895
"2782",0,0.67846
"3326",0,0.67846
"15",1,0.67705
"3015",1,0.67705
"2279",0,0.67631
"2184",0,0.67605
"492",1,0.67597
"407",1,0.67565
"934",0,0.6756
"146",1,0.67396
"3692",1,0.67396
"3116",1,0.67326
"246",1,0.67262
"225",1,0.67246
"3",1,0.67236
"2996",1,0.67236
"194",1,0.67099
"2388",0,0.67051
"236",1,0.66998
"3002",1,0.66988
"3117",1,0.66988
"489",1,0.66974
"369",1,0.66955
"3708",1,0.66951
"2289",0,0.66946
"1325",0,0.66898
"3617",1,0.66847
"3021",1,0.66838
"2963",0,0.66831
"438",1,0.66783
"47",1,0.66687
"348",1,0.66635
"2368",0,0.66629
"1497",0,0.66573
"436",1,0.66529
"27",1,0.66364
"159",1,0.66355
"124",1,0.66265
"3581",1,0.66155
"149",1,0.66095
"3141",1,0.66095
"130",1,0.66026
"3049",1,0.66008
"3694",1,0.65943
"51",1,0.65937
"312",1,0.6592
"2314",0,0.65887
"226",1,0.65783
"2664",0,0.65652
"345",1,0.65507
"3172",1,0.65446
"1767",0,0.65441
"320",1,0.65172
"1099",0,0.65136
"1343",0,0.65124
"129",1,0.65123
"3664",1,0.65123
"3710",1,0.64936
"1188",0,0.64928
"2818",0,0.64913
"386",1,0.64898
"2609",0,0.6489
"3020",1,0.64856
"109",1,0.64853
"103",1,0.6478
"3642",1,0.6478
"2385",0,0.64683
"50",1,0.64667
"3047",1,0.64667
"1427",0,0.64613
"2783",0,0.64469
"2125",0,0.64394
"3167",1,0.6439
"196",1,0.64154
"1048",0,0.641
"2599",0,0.64022
"472",1,0.6397
"3733",1,0.6397
"1468",0,0.63899
"2846",0,0.63774
"2595",0,0.63707
"249",1,0.63688
"3164",1,0.63678
"2857",0,0.63664
"373",1,0.63661
"3088",1,0.63469
"356",1,0.63391
"1327",0,0.63334
"359",1,0.63312
"421",1,0.63276
"243",1,0.63214
"44",1,0.63104
"3040",1,0.63104
"3165",1,0.63081
"2179",0,0.63028
"2227",0,0.63025
"3074",1,0.6301
"2507",0,0.62732
"684",0,0.62589
"1318",0,0.62476
"3050",1,0.62441
"2059",0,0.62433
"131",1,0.62413
"144",1,0.62413
"3113",1,0.62413
"3665",1,0.62413
"3689",1,0.62413
"2836",0,0.62403
"422",1,0.624
"3580",1,0.62398
"486",1,0.62385
"76",1,0.62302
"3121",1,0.62288
"329",1,0.62152
"237",1,0.62069
"3724",1,0.62017
"3700",1,0.61916
"2296",0,0.61909
"895",0,0.6184
"1929",0,0.61783
"833",0,0.61772
"18",1,0.6177
"3025",1,0.61611
"553",0,0.61572
"170",1,0.61558
"3161",1,0.61558
"3719",1,0.61542
"317",1,0.61499
"2271",0,0.61474
"491",1,0.61303
"3632",1,0.61277
"3114",1,0.61243
"2204",0,0.61199
"884",0,0.61162
"2190",0,0.60771
"860",0,0.60719
"291",1,0.60562
"3633",1,0.60522
"3687",1,0.60453
"2592",0,0.60271
"2226",0,0.60246
"1374",0,0.60239
"2854",0,0.6012
"3680",1,0.59932
"3324",0,0.59897
"455",1,0.59814
"3741",1,0.59814
"441",1,0.59733
"2065",0,0.59653
"2033",0,0.59505
"93",1,0.59435
"1006",0,0.59396
"3682",1,0.5902
"279",1,0.59018
"445",1,0.58943
"101",1,0.58876
"3087",1,0.58876
"3641",1,0.58876
"1012",0,0.58826
"1639",0,0.5879
"1322",0,0.58704
"97",1,0.58679
"3086",1,0.58679
"3640",1,0.58679
"274",1,0.58632
"270",1,0.58552
"3651",1,0.58537
"405",1,0.58475
"73",1,0.58446
"3621",1,0.58446
"1662",0,0.58379
"361",1,0.58339
"1261",0,0.58082
"1923",0,0.58078
"1948",0,0.58056
"3345",0,0.57958
"248",1,0.5787
"186",1,0.57651
"3176",1,0.57651
"26",1,0.57469
"3357",0,0.57384
"3375",0,0.57334
"1598",0,0.57275
"315",1,0.57218
"184",1,0.57171
"946",0,0.56947
"1926",0,0.5689
"309",1,0.5685
"3065",1,0.56812
"1964",0,0.56785
"622",0,0.567
"1003",0,0.56626
"208",1,0.56295
"1865",0,0.56219
"1793",0,0.56033
"456",1,0.56025
"70",1,0.55994
"2159",0,0.55878
"774",0,0.55821
"2178",0,0.5572
"3085",1,0.55696
"3638",1,0.55696
"1407",0,0.55648
"3582",1,0.55562
"1690",0,0.55536
"1622",0,0.55495
"1850",0,0.55415
"3178",1,0.55341
"1664",0,0.55302
"2709",0,0.5525
"1564",0,0.55229
"2585",0,0.55088
"3099",1,0.55063
"831",0,0.54897
"1469",0,0.54876
"2181",0,0.54829
"726",0,0.54594
"889",0,0.54343
"114",1,0.54327
"3732",1,0.54278
"614",0,0.5413
"2369",0,0.54112
"3285",0,0.5362
"3208",0,0.53605
"2715",0,0.53604
"2407",0,0.53511
"1771",0,0.53309
"1949",0,0.53266
"2372",0,0.5309
"444",1,0.53032
"702",0,0.52977
"3517",0,0.52837
"90",1,0.52761
"2073",0,0.52709
"2249",0,0.52668
"1005",0,0.52467
"2858",0,0.52443
"473",1,0.52415
"1148",0,0.52098
"2750",0,0.52085
"2796",0,0.52073
"3239",0,0.51666
"475",1,0.51548
"2712",0,0.51399
"1306",0,0.51397
"2460",0,0.51354
"3351",0,0.51192
"29",1,0.51085
"3030",1,0.51085
"3585",1,0.51085
"3386",0,0.51014
"1332",0,0.50906
"19",1,0.50685
"862",0,0.50634
"3394",0,0.50528
"522",0,0.5049
"2183",0,0.50452
"1941",0,0.50286
"322",1,0.50132
"1867",0,0.50105
"2619",0,0.50041
"1263",0,0.49702
"448",1,0.49698
"1666",0,0.49673
"693",0,0.4964
"1764",0,0.49508
"2680",0,0.4947
"1062",0,0.49372
"3329",0,0.49359
"1465",0,0.49209
"2498",0,0.49158
"3227",0,0.49152
"2306",0,0.48979
"2154",0,0.4888
"105",1,0.48816
"2514",0,0.48816
"3092",1,0.48816
"520",0,0.48762
"2958",0,0.48708
"3501",0,0.48708
"1845",0,0.48409
"1624",0,0.48306
"1558",0,0.4829
"1740",0,0.48198
"1167",0,0.48082
"1538",0,0.48073
"1942",0,0.47585
"880",0,0.475
"603",0,0.4748
"334",1,0.47376
"1892",0,0.47339
"2692",0,0.47164
"2114",0,0.47069
"642",0,0.46953
"2393",0,0.4682
"581",0,0.46723
"1958",0,0.46719
"2060",0,0.4665
"229",1,0.4645
"3720",1,0.4642
"1710",0,0.46379
"586",0,0.4637
"2225",0,0.46291
"1236",0,0.46242
"1123",0,0.46157
"1673",0,0.46148
"2625",0,0.46117
"538",0,0.46064
"1476",0,0.46001
"3183",1,0.45985
"2391",0,0.45982
"1338",0,0.45926
"615",0,0.45892
"548",0,0.45789
"204",1,0.4572
"2350",0,0.45622
"2746",0,0.45575
"2085",0,0.45538
"664",0,0.45503
"1439",0,0.45413
"1893",0,0.45407
"3126",1,0.45384
"3683",1,0.45384
"703",0,0.45333
"2527",0,0.44985
"2396",0,0.44566
"1625",0,0.44513
"2366",0,0.44495
"728",0,0.44482
"2845",0,0.44475
"2696",0,0.44422
"2622",0,0.44338
"1183",0,0.44293
"2738",0,0.44228
"3016",1,0.44196
"1518",0,0.44023
"2448",0,0.4394
"2250",0,0.43851
"2230",0,0.43776
"1874",0,0.43621
"3389",0,0.43538
"2327",0,0.43387
"2931",0,0.43327
"3469",0,0.43327
"2402",0,0.43266
"1436",0,0.43087
"996",0,0.43068
"1206",0,0.43064
"2332",0,0.42892
"1026",0,0.42746
"2206",0,0.42735
"1347",0,0.42734
"1986",0,0.42722
"888",0,0.42588
"1224",0,0.42473
"1106",0,0.42416
"1201",0,0.42337
"1367",0,0.42335
"181",1,0.42282
"1451",0,0.42217
"497",0,0.4221
"2838",0,0.42184
"1435",0,0.42143
"596",0,0.42142
"1420",0,0.42114
"1868",0,0.41997
"1744",0,0.41996
"1988",0,0.41954
"3100",1,0.41899
"2944",0,0.41817
"437",1,0.41761
"3656",1,0.41703
"1606",0,0.4158
"707",0,0.41467
"1905",0,0.41432
"2379",0,0.41196
"1748",0,0.40996
"710",0,0.40968
"1853",0,0.40929
"3226",0,0.40922
"2203",0,0.4091
"2966",0,0.40906
"3388",0,0.40834
"1890",0,0.40691
"734",0,0.40581
"2470",0,0.40298
"1433",0,0.40282
"222",1,0.40275
"2218",0,0.40191
"198",1,0.40079
"1889",0,0.40061
"141",1,0.40014
"2817",0,0.39989
"544",0,0.39939
"592",0,0.39931
"122",1,0.39801
"3104",1,0.39801
"3322",0,0.39765
"2487",0,0.39689
"2362",0,0.39673
"733",0,0.395
"2706",0,0.39409
"3248",0,0.39409
"1703",0,0.39186
"2961",0,0.39154
"2151",0,0.39116
"2149",0,0.39113
"832",0,0.39093
"3384",0,0.39081
"1566",0,0.39031
"2912",0,0.38943
"1956",0,0.38886
"462",1,0.38794
"1996",0,0.3879
"301",1,0.38784
"163",1,0.38737
"3717",1,0.38737
"488",1,0.38725
"1990",0,0.38687
"2414",0,0.38681
"1386",0,0.38652
"787",0,0.38618
"39",1,0.38501
"223",1,0.38493
"3097",1,0.38482
"2536",0,0.38452
"2176",0,0.38437
"964",0,0.38432
"918",0,0.38427
"1774",0,0.38404
"2272",0,0.38396
"3271",0,0.38309
"1729",0,0.38285
"859",0,0.38196
"253",1,0.38183
"2913",0,0.38087
"2546",0,0.3779
"2551",0,0.37781
"1610",0,0.37762
"240",1,0.37759
"866",0,0.37711
"562",0,0.3771
"532",0,0.37663
"1702",0,0.37635
"1862",0,0.37622
"2643",0,0.37615
"1215",0,0.37595
"691",0,0.37535
"1178",0,0.37521
"1671",0,0.3748
"1540",0,0.37312
"3109",1,0.37278
"300",1,0.37226
"1143",0,0.37131
"3321",0,0.37122
"666",0,0.36926
"2586",0,0.3686
"2751",0,0.3686
"2761",0,0.36776
"3291",0,0.36776
"2262",0,0.36756
"483",1,0.36748
"3537",0,0.36682
"460",1,0.36666
"1749",0,0.36665
"2157",0,0.36632
"1955",0,0.36512
"2705",0,0.36499
"1842",0,0.36478
"1545",0,0.36477
"3072",1,0.36457
"2386",0,0.36405
"58",1,0.36404
"3606",1,0.36404
"3057",1,0.36351
"3605",1,0.36351
"894",0,0.36332
"3618",1,0.36213
"1309",0,0.36165
"2141",0,0.36144
"190",1,0.36116
"1826",0,0.36115
"877",0,0.36028
"2577",0,0.35958
"2589",0,0.35902
"2384",0,0.35883
"3005",1,0.35744
"3561",1,0.35744
"2937",0,0.35673
"3474",0,0.35673
"731",0,0.35627
"2573",0,0.35561
"3240",0,0.35511
"3671",1,0.35326
"3461",0,0.35261
"3538",0,0.35178
"1568",0,0.35176
"1346",0,0.35174
"857",0,0.35168
"2627",0,0.3509
"3189",0,0.3509
"1637",0,0.35015
"2555",0,0.35014
"641",0,0.3501
"753",0,0.34978
"215",1,0.34906
"1150",0,0.34897
"766",0,0.34866
"944",0,0.34852
"2694",0,0.34739
"2308",0,0.34678
"1737",0,0.34622
"769",0,0.34462
"3362",0,0.34447
"1901",0,0.34413
"2301",0,0.34304
"2506",0,0.34259
"1165",0,0.34238
"912",0,0.34127
"3308",0,0.34126
"120",1,0.34103
"1030",0,0.34058
"262",1,0.34038
"810",0,0.34029
"1231",0,0.34009
"1995",0,0.33986
"698",0,0.33971
"2135",0,0.33971
"3150",1,0.33889
"1549",0,0.3387
"842",0,0.33727
"1281",0,0.33691
"2789",0,0.33668
"217",1,0.33527
"1596",0,0.3349
"1590",0,0.33388
"3673",1,0.33372
"409",1,0.3337
"2187",0,0.33271
"2134",0,0.33168
"865",0,0.33136
"1351",0,0.33097
"115",1,0.33059
"914",0,0.33057
"2093",0,0.32981
"3702",1,0.32929
"1233",0,0.3292
"709",0,0.32868
"1493",0,0.32832
"578",0,0.32824
"2188",0,0.32801
"2441",0,0.32737
"214",1,0.32719
"1169",0,0.32704
"662",0,0.32641
"2112",0,0.32557
"2654",0,0.32508
"133",1,0.32483
"394",1,0.32449
"700",0,0.32391
"2214",0,0.32348
"2429",0,0.32335
"2495",0,0.32302
"612",0,0.32231
"1536",0,0.32112
"1717",0,0.3208
"985",0,0.32053
"1747",0,0.32009
"2608",0,0.32003
"574",0,0.31997
"632",0,0.3195
"2823",0,0.31861
"3364",0,0.31861
"850",0,0.31822
"563",0,0.31815
"3275",0,0.31811
"993",0,0.31717
"477",1,0.31668
"3036",1,0.31586
"3592",1,0.31586
"2455",0,0.31569
"696",0,0.31561
"671",0,0.31557
"2229",0,0.31535
"2101",0,0.31517
"3728",1,0.31517
"1808",0,0.31507
"335",1,0.31452
"595",0,0.31444
"1537",0,0.31438
"1700",0,0.3139
"903",0,0.31379
"1223",0,0.31363
"2962",0,0.31287
"41",1,0.31233
"979",0,0.31223
"869",0,0.31206
"505",0,0.31198
"1305",0,0.31049
"72",1,0.30991
"218",1,0.30991
"63",1,0.30981
"3060",1,0.30981
"152",1,0.30948
"3706",1,0.30948
"3044",1,0.3094
"676",0,0.30936
"3429",0,0.3091
"1387",0,0.30907
"1090",0,0.30895
"3553",1,0.3088
"2943",0,0.30827
"1250",0,0.30764
"2291",0,0.30752
"1999",0,0.3075
"1152",0,0.30743
"2089",0,0.30735
"1391",0,0.30734
"1917",0,0.30726
"2331",0,0.30702
"3220",0,0.30663
"1821",0,0.30656
"2438",0,0.30605
"812",0,0.30582
"541",0,0.30569
"59",1,0.30524
"658",0,0.30489
"727",0,0.30457
"920",0,0.30439
"1400",0,0.30402
"1777",0,0.30342
"3701",1,0.30331
"1765",0,0.30239
"2370",0,0.30215
"2102",0,0.30005
"2156",0,0.29972
"598",0,0.29836
"1220",0,0.29808
"962",0,0.29789
"896",0,0.29765
"2568",0,0.29706
"3430",0,0.29662
"992",0,0.29635
"119",1,0.29634
"2266",0,0.29354
"2339",0,0.29268
"3552",1,0.29171
"751",0,0.29126
"906",0,0.29114
"85",1,0.29102
"2307",0,0.29072
"107",1,0.29058
"3648",1,0.29058
"1529",0,0.29001
"3729",1,0.28988
"907",0,0.28969
"1727",0,0.28922
"1446",0,0.28901
"167",1,0.28896
"2614",0,0.28847
"2571",0,0.28812
"2776",0,0.28804
"56",1,0.28801
"891",0,0.28797
"517",0,0.28773
"3639",1,0.28751
"1278",0,0.28692
"1442",0,0.28677
"469",1,0.28665
"1846",0,0.2864
"429",1,0.28629
"624",0,0.28586
"2392",0,0.28584
"3080",1,0.28543
"3636",1,0.28543
"2351",0,0.28538
"887",0,0.28517
"714",0,0.28515
"2042",0,0.28502
"2330",0,0.28377
"1872",0,0.28368
"485",1,0.28337
"3746",1,0.28337
"1324",0,0.2832
"533",0,0.28308
"439",1,0.28299
"2626",0,0.28299
"1766",0,0.28278
"526",0,0.28221
"1276",0,0.2822
"1126",0,0.28173
"440",1,0.28147
"819",0,0.28145
"1079",0,0.28067
"729",0,0.28066
"3066",1,0.28048
"3135",1,0.28034
"2809",0,0.28032
"1136",0,0.28028
"2035",0,0.2801
"2245",0,0.27998
"2364",0,0.27993
"2303",0,0.27984
"1286",0,0.2792
"498",0,0.27917
"350",1,0.27872
"1137",0,0.27855
"3644",1,0.27853
"849",0,0.27832
"2665",0,0.27828
"997",0,0.27799
"1328",0,0.27797
"2048",0,0.27797
"3119",1,0.27775
"3672",1,0.27775
"382",1,0.27773
"3510",0,0.2777
"1936",0,0.27718
"2240",0,0.27667
"864",0,0.27628
"1573",0,0.27626
"3133",1,0.27603
"3688",1,0.27603
"1349",0,0.27594
"840",0,0.27583
"3743",1,0.27583
"1653",0,0.2758
"765",0,0.27543
"3146",1,0.27506
"3697",1,0.27506
"2123",0,0.27502
"1102",0,0.27481
"2827",0,0.27466
"1724",0,0.27456
"1699",0,0.27376
"2574",0,0.27328
"781",0,0.27308
"3376",0,0.2727
"1854",0,0.27269
"415",1,0.27256
"3129",1,0.27211
"3686",1,0.27211
"1879",0,0.27152
"1444",0,0.27065
"2752",0,0.27016
"2633",0,0.27
"496",0,0.26965
"749",0,0.26935
"280",1,0.26883
"646",0,0.2686
"1315",0,0.26788
"1066",0,0.26758
"3009",1,0.26746
"3563",1,0.26746
"2236",0,0.26673
"1594",0,0.26667
"1885",0,0.2665
"2945",0,0.26647
"3339",0,0.2664
"768",0,0.26591
"2732",0,0.26585
"1828",0,0.26536
"3530",0,0.26525
"602",0,0.26493
"1805",0,0.26471
"518",0,0.26456
"2489",0,0.26439
"1360",0,0.26415
"466",1,0.26401
"636",0,0.264
"1186",0,0.26387
"2978",0,0.26377
"1977",0,0.26367
"760",0,0.26366
"3251",0,0.26348
"2924",0,0.26325
"1242",0,0.26319
"3744",1,0.26311
"2088",0,0.26301
"2228",0,0.26287
"2220",0,0.26283
"2120",0,0.26273
"799",0,0.26241
"2764",0,0.26231
"402",1,0.2622
"1880",0,0.26167
"3110",1,0.26162
"3663",1,0.26162
"1533",0,0.26159
"1101",0,0.26156
"1980",0,0.26143
"154",1,0.25992
"3017",1,0.25907
"3705",1,0.25878
"2870",0,0.25874
"1658",0,0.25867
"2523",0,0.2586
"1940",0,0.25843
"178",1,0.25819
"3359",0,0.25754
"1483",0,0.25717
"967",0,0.25685
"1634",0,0.25684
"687",0,0.25681
"1321",0,0.25666
"513",0,0.256
"2207",0,0.25579
"1350",0,0.25553
"1856",0,0.25488
"2022",0,0.25462
"1719",0,0.25418
"1467",0,0.25417
"244",1,0.25406
"1296",0,0.25384
"3545",0,0.25341
"254",1,0.25296
"2656",0,0.25253
"316",1,0.25242
"2451",0,0.25216
"515",0,0.25204
"1694",0,0.25169
"823",0,0.25084
"3157",1,0.25026
"3027",1,0.25023
"2251",0,0.24971
"2241",0,0.24925
"396",1,0.2487
"2318",0,0.24867
"922",0,0.24836
"3612",1,0.24829
"3051",1,0.24793
"310",1,0.24772
"1683",0,0.24756
"911",0,0.24728
"867",0,0.24726
"973",0,0.24725
"620",0,0.24689
"2009",0,0.24668
"1339",0,0.24639
"2365",0,0.24617
"1751",0,0.24613
"933",0,0.24604
"1151",0,0.24582
"3653",1,0.24559
"1149",0,0.24558
"2740",0,0.24548
"3279",0,0.24548
"673",0,0.2454
"1308",0,0.24515
"1803",0,0.24512
"3667",1,0.24461
"89",1,0.24437
"3071",1,0.24437
"164",1,0.24425
"1225",0,0.24418
"2895",0,0.24418
"1668",0,0.24415
"1589",0,0.24409
"732",0,0.24388
"861",0,0.24375
"1464",0,0.24299
"1103",0,0.24242
"719",0,0.24237
"3427",0,0.24214
"3492",0,0.24182
"2976",0,0.24167
"2684",0,0.24125
"1313",0,0.2405
"86",1,0.24046
"3628",1,0.24046
"2902",0,0.23977
"3166",1,0.23971
"3132",1,0.23958
"3619",1,0.23946
"1838",0,0.23928
"1417",0,0.23925
"1968",0,0.23907
"2359",0,0.23897
"1185",0,0.23857
"2545",0,0.23818
"863",0,0.23796
"1121",0,0.23791
"1754",0,0.23783
"1595",0,0.23764
"2469",0,0.2376
"1466",0,0.23723
"1499",0,0.237
"3033",1,0.23692
"3588",1,0.23692
"2691",0,0.23647
"1511",0,0.23632
"2635",0,0.23625
"2700",0,0.23621
"3193",0,0.23605
"3142",1,0.23593
"2138",0,0.2357
"495",1,0.23558
"62",1,0.23548
"3059",1,0.23548
"806",0,0.23527
"1813",0,0.2345
"2557",0,0.23396
"1572",0,0.23351
"971",0,0.23348
"3136",1,0.23327
"2175",0,0.23284
"3508",0,0.23282
"442",1,0.23259
"2457",0,0.2322
"1876",0,0.23208
"1816",0,0.23174
"42",1,0.23136
"1228",0,0.23125
"1234",0,0.23113
"143",1,0.23086
"287",1,0.23038
"481",1,0.23029
"2347",0,0.23019
"929",0,0.2301
"3082",1,0.23
"2363",0,0.22929
"319",1,0.22914
"1897",0,0.22897
"945",0,0.22894
"2602",0,0.22888
"425",1,0.22879
"3654",1,0.22849
"1570",0,0.22841
"695",0,0.22823
"3677",1,0.22772
"1162",0,0.22764
"1385",0,0.22741
"3152",1,0.22709
"3699",1,0.227
"3403",0,0.22693
"100",1,0.22691
"1679",0,0.22683
"1117",0,0.22682
"1731",0,0.22615
"736",0,0.22583
"772",0,0.22528
"722",0,0.22514
"1081",0,0.22476
"2238",0,0.22454
"534",0,0.22449
"1550",0,0.22425
"3495",0,0.22401
"2027",0,0.22396
"1822",0,0.22304
"2673",0,0.22291
"1952",0,0.22282
"1755",0,0.22273
"297",1,0.2227
"3696",1,0.22201
"82",1,0.22193
"3625",1,0.22193
"3491",0,0.22144
"1202",0,0.22125
"2920",0,0.22123
"3246",0,0.22084
"3134",1,0.22065
"2731",0,0.22043
"3270",0,0.22043
"1785",0,0.22032
"2711",0,0.22
"3123",1,0.21985
"528",0,0.21974
"1878",0,0.21954
"2826",0,0.21945
"1735",0,0.21917
"1938",0,0.21917
"645",0,0.21908
"3523",0,0.21908
"3511",0,0.21876
"3013",1,0.21862
"1985",0,0.21792
"2727",0,0.21777
"3095",1,0.2176
"3650",1,0.2176
"2512",0,0.21724
"1585",0,0.21703
"398",1,0.21685
"1434",0,0.21612
"1574",0,0.21607
"1474",0,0.21548
"2247",0,0.21548
"1218",0,0.21525
"1495",0,0.21516
"2613",0,0.2149
"2456",0,0.21475
"3343",0,0.2147
"1943",0,0.21452
"3105",1,0.21436
"2461",0,0.21431
"987",0,0.21423
"1064",0,0.21395
"1770",0,0.21377
"1834",0,0.21372
"1297",0,0.21356
"2322",0,0.2133
"290",1,0.21314
"368",1,0.21311
"1424",0,0.21298
"1462",0,0.21286
"3147",1,0.21272
"1510",0,0.21262
"210",1,0.2126
"1962",0,0.21213
"269",1,0.2114
"2055",0,0.21088
"511",0,0.21082
"594",0,0.21078
"2606",0,0.21038
"403",1,0.21019
"2129",0,0.21019
"1401",0,0.20969
"954",0,0.20965
"1884",0,0.2096
"2580",0,0.20926
"1525",0,0.20915
"1414",0,0.20892
"2084",0,0.2088
"1450",0,0.20872
"1055",0,0.20871
"121",1,0.20836
"3658",1,0.20836
"2423",0,0.20824
"2110",0,0.20816
"3215",0,0.20809
"792",0,0.2079
"2416",0,0.20725
"591",0,0.20716
"2881",0,0.2071
"110",1,0.20709
"1567",0,0.2068
"1323",0,0.20641
"3205",0,0.20622
"3396",0,0.20622
"3053",1,0.20608
"3601",1,0.20608
"2358",0,0.20579
"2104",0,0.20573
"1614",0,0.20557
"1289",0,0.20466
"69",1,0.20441
"1251",0,0.20441
"2575",0,0.20396
"2650",0,0.20317
"1576",0,0.20293
"1660",0,0.2025
"1437",0,0.20243
"3188",0,0.20225
"3144",1,0.20186
"2111",0,0.20182
"65",1,0.20179
"166",1,0.2016
"113",1,0.20154
"2052",0,0.2012
"2047",0,0.20089
"2074",0,0.20086
"1264",0,0.20068
"1029",0,0.20052
"1992",0,0.2002
"2587",0,0.20016
"1947",0,0.2
"1513",0,0.19992
"355",1,0.19948
"2036",0,0.19947
"644",0,0.19946
"1068",0,0.19896
"721",0,0.19868
"1213",0,0.19857
"2685",0,0.19854
"3232",0,0.19854
"2522",0,0.19847
"2556",0,0.19846
"3681",1,0.19832
"2864",0,0.19813
"1147",0,0.19812
"1017",0,0.19784
"2559",0,0.19774
"1784",0,0.19769
"3295",0,0.19743
"1837",0,0.19675
"2411",0,0.19615
"767",0,0.19608
"519",0,0.19607
"3197",0,0.19599
"1684",0,0.19569
"2593",0,0.19562
"617",0,0.19557
"3514",0,0.19544
"651",0,0.19534
"635",0,0.19441
"1718",0,0.19397
"3360",0,0.19385
"1523",0,0.19383
"2688",0,0.19374
"2504",0,0.19335
"1375",0,0.19306
"3361",0,0.19296
"3102",1,0.19243
"341",1,0.19207
"3516",0,0.19207
"717",0,0.19204
"791",0,0.19203
"2964",0,0.19176
"3509",0,0.19176
"3175",1,0.19107
"3266",0,0.191
"571",0,0.19099
"1333",0,0.19068
"1195",0,0.19061
"1960",0,0.19056
"2466",0,0.19015
"837",0,0.19011
"2401",0,0.18992
"2567",0,0.18991
"471",1,0.18952
"2174",0,0.18938
"362",1,0.18932
"1428",0,0.18852
"3284",0,0.18833
"994",0,0.18832
"201",1,0.18823
"2702",0,0.18818
"3171",1,0.18809
"2405",0,0.18808
"1094",0,0.18799
"1758",0,0.18797
"1925",0,0.18794
"1970",0,0.18789
"2494",0,0.1878
"474",1,0.18758
"2726",0,0.18753
"2105",0,0.18748
"3252",0,0.18746
"915",0,0.18742
"2275",0,0.1874
"2139",0,0.18718
"393",1,0.18716
"2083",0,0.18709
"746",0,0.18708
"1425",0,0.18683
"3607",1,0.18632
"1991",0,0.18599
"680",0,0.18572
"1705",0,0.18523
"2333",0,0.18502
"2273",0,0.18492
"561",0,0.18486
"3255",0,0.18448
"1430",0,0.18439
"2121",0,0.18381
"2259",0,0.18337
"3320",0,0.18323
"2426",0,0.18321
"776",0,0.18318
"1404",0,0.18274
"2032",0,0.18256
"621",0,0.18242
"2080",0,0.18239
"2246",0,0.18215
"2432",0,0.18207
"3722",1,0.1818
"3370",0,0.18156
"855",0,0.18146
"79",1,0.1811
"3068",1,0.1811
"2267",0,0.18097
"2328",0,0.18097
"2491",0,0.18093
"3428",0,0.18079
"283",1,0.18075
"2208",0,0.18031
"1470",0,0.18016
"974",0,0.1801
"2310",0,0.17989
"1063",0,0.17956
"1490",0,0.17924
"1222",0,0.1789
"1782",0,0.17882
"411",1,0.17873
"2248",0,0.17859
"2934",0,0.17859
"3472",0,0.17859
"777",0,0.17835
"2119",0,0.17829
"3043",1,0.17793
"960",0,0.17691
"1429",0,0.17631
"773",0,0.1763
"785",0,0.17623
"1984",0,0.17615
"968",0,0.17614
"1479",0,0.17612
"10",1,0.17558
"3007",1,0.17558
"2763",0,0.17541
"3293",0,0.17541
"337",1,0.17528
"871",0,0.17507
"1314",0,0.17494
"2830",0,0.17494
"55",1,0.17487
"3604",1,0.17487
"3260",0,0.17483
"829",0,0.1746
"763",0,0.17436
"1797",0,0.17408
"2294",0,0.17383
"670",0,0.17372
"2968",0,0.17359
"1601",0,0.17334
"2877",0,0.17306
"3419",0,0.17306
"1676",0,0.17294
"168",1,0.17291
"1287",0,0.17242
"2292",0,0.17221
"2530",0,0.17215
"2343",0,0.17213
"2671",0,0.17162
"1383",0,0.17153
"570",0,0.17113
"552",0,0.17102
"740",0,0.17085
"1887",0,0.17083
"57",1,0.17078
"426",1,0.17045
"1704",0,0.1704
"2739",0,0.17034
"271",1,0.17026
"679",0,0.17014
"1921",0,0.17011
"816",0,0.16999
"2191",0,0.16927
"3261",0,0.16927
"1881",0,0.16909
"3383",0,0.16908
"947",0,0.16886
"2488",0,0.16877
"1907",0,0.16872
"536",0,0.16861
"2853",0,0.16829
"1192",0,0.16799
"2224",0,0.16771
"747",0,0.16754
"2927",0,0.16741
"3463",0,0.16741
"3393",0,0.16732
"2755",0,0.16719
"3287",0,0.16719
"527",0,0.16706
"1915",0,0.16685
"2325",0,0.16677
"508",0,0.16667
"1646",0,0.16666
"868",0,0.16623
"568",0,0.16609
"601",0,0.16601
"2565",0,0.16592
"3507",0,0.16565
"2819",0,0.16557
"1824",0,0.16549
"2284",0,0.16549
"1209",0,0.16523
"916",0,0.16494
"3317",0,0.16489
"1734",0,0.16474
"1615",0,0.16457
"2611",0,0.16442
"3241",0,0.16428
"1093",0,0.164
"1070",0,0.16389
"1650",0,0.16353
"2871",0,0.16353
"2025",0,0.16337
"2496",0,0.16321
"3145",1,0.16313
"3695",1,0.16313
"3213",0,0.16299
"1134",0,0.1625
"2821",0,0.16221
"1285",0,0.16212
"2127",0,0.162
"2018",0,0.16181
"2066",0,0.1616
"4",1,0.16145
"981",0,0.16097
"2244",0,0.16089
"2655",0,0.16059
"3207",0,0.16059
"1875",0,0.16054
"2216",0,0.16018
"2122",0,0.16012
"1597",0,0.16011
"1074",0,0.16002
"2046",0,0.15997
"1153",0,0.15993
"1864",0,0.15977
"1974",0,0.15971
"268",1,0.15936
"1073",0,0.1593
"2212",0,0.15927
"2242",0,0.15927
"2957",0,0.15927
"3500",0,0.15927
"1534",0,0.15832
"1016",0,0.15822
"3093",1,0.15801
"2269",0,0.158
"2490",0,0.15755
"1682",0,0.15741
"2758",0,0.15738
"2180",0,0.15736
"550",0,0.15722
"1906",0,0.15706
"1304",0,0.15629
"2808",0,0.15626
"1553",0,0.15621
"75",1,0.15618
"3481",0,0.15615
"2433",0,0.1559
"2412",0,0.15583
"3156",1,0.1557
"3715",1,0.1557
"1459",0,0.15566
"2610",0,0.15565
"649",0,0.15561
"2001",0,0.15561
"3247",0,0.15536
"2645",0,0.15527
"3201",0,0.15527
"1547",0,0.15454
"958",0,0.15452
"1441",0,0.15438
"650",0,0.15418
"227",1,0.15387
"2162",0,0.15381
"2252",0,0.15381
"2539",0,0.15351
"991",0,0.1535
"2222",0,0.15311
"53",1,0.15309
"3600",1,0.15309
"1981",0,0.15285
"3439",0,0.15277
"2045",0,0.15258
"506",0,0.1517
"2598",0,0.15159
"950",0,0.15138
"663",0,0.15128
"2669",0,0.15127
"1692",0,0.15121
"2381",0,0.1508
"3303",0,0.15061
"683",0,0.15054
"3407",0,0.15052
"2130",0,0.15026
"2954",0,0.14987
"2771",0,0.14964
"1783",0,0.14952
"2612",0,0.14934
"1575",0,0.14897
"111",1,0.14877
"1204",0,0.14869
"2842",0,0.14867
"1961",0,0.1485
"2021",0,0.14828
"655",0,0.14781
"1781",0,0.14767
"195",1,0.14765
"2383",0,0.14763
"910",0,0.14759
"537",0,0.14754
"883",0,0.14753
"1312",0,0.14749
"1083",0,0.14748
"1262",0,0.14748
"2133",0,0.14748
"176",1,0.14716
"579",0,0.14711
"2430",0,0.14704
"2561",0,0.14679
"762",0,0.14669
"640",0,0.14668
"755",0,0.1466
"3365",0,0.14629
"1235",0,0.14628
"2473",0,0.14625
"2474",0,0.14623
"1116",0,0.14618
"1475",0,0.14587
"688",0,0.14585
"2377",0,0.14572
"686",0,0.1457
"2378",0,0.14566
"1298",0,0.14531
"1320",0,0.14519
"704",0,0.14518
"2748",0,0.14481
"2422",0,0.14479
"1526",0,0.14476
"2131",0,0.14453
"1739",0,0.14451
"1182",0,0.14446
"2887",0,0.14444
"3506",0,0.14441
"1266",0,0.14429
"3298",0,0.14419
"1361",0,0.14405
"1226",0,0.14403
"2329",0,0.144
"1720",0,0.14369
"478",1,0.14332
"2160",0,0.14329
"3244",0,0.14274
"1216",0,0.14273
"2744",0,0.14241
"2172",0,0.142
"835",0,0.14188
"2286",0,0.14183
"3423",0,0.14176
"583",0,0.14164
"2584",0,0.14151
"2454",0,0.14143
"2389",0,0.14131
"1966",0,0.14122
"2264",0,0.14116
"1831",0,0.14101
"1546",0,0.14054
"939",0,0.14044
"1713",0,0.14029
"1562",0,0.14025
"778",0,0.14002
"1071",0,0.13979
"3219",0,0.13971
"2026",0,0.13963
"272",1,0.13921
"1654",0,0.13899
"1569",0,0.13887
"3522",0,0.13854
"959",0,0.13817
"1628",0,0.13815
"924",0,0.1377
"577",0,0.13741
"1623",0,0.13725
"1965",0,0.13705
"1065",0,0.13689
"890",0,0.13667
"501",0,0.13665
"2831",0,0.13628
"1009",0,0.13626
"3282",0,0.13584
"1560",0,0.1358
"976",0,0.13573
"675",0,0.13572
"2233",0,0.13552
"2482",0,0.13542
"2515",0,0.13541
"2792",0,0.13539
"1696",0,0.13534
"1611",0,0.13523
"318",1,0.13508
"1815",0,0.13488
"2468",0,0.13469
"2736",0,0.13425
"1406",0,0.1342
"530",0,0.13418
"391",1,0.13396
"1256",0,0.13382
"1761",0,0.13377
"2981",0,0.13371
"1987",0,0.1337
"1219",0,0.13363
"404",1,0.13361
"3327",0,0.13354
"3290",0,0.13317
"2338",0,0.13308
"1329",0,0.133
"2733",0,0.133
"2095",0,0.13294
"606",0,0.13281
"878",0,0.13273
"573",0,0.13252
"2173",0,0.13251
"1051",0,0.13245
"3200",0,0.13229
"504",0,0.13215
"2201",0,0.13194
"2659",0,0.13156
"2562",0,0.13151
"378",1,0.13146
"1669",0,0.13137
"2315",0,0.13126
"1757",0,0.13108
"2534",0,0.13088
"2713",0,0.13056
"1976",0,0.13049
"2170",0,0.1301
"2872",0,0.13008
"1894",0,0.12998
"2436",0,0.12996
"3283",0,0.12988
"1807",0,0.12974
"1307",0,0.12957
"2483",0,0.12929
"2061",0,0.12919
"1844",0,0.1291
"173",1,0.12888
"1522",0,0.12877
"31",1,0.12865
"1331",0,0.12828
"2037",0,0.12811
"2013",0,0.12804
"1852",0,0.1277
"3425",0,0.12765
"2952",0,0.12747
"1181",0,0.12742
"590",0,0.12741
"708",0,0.12738
"3203",0,0.12721
"858",0,0.12719
"1203",0,0.12705
"1796",0,0.12702
"718",0,0.12701
"3536",0,0.12698
"1212",0,0.12675
"743",0,0.12665
"627",0,0.1265
"1927",0,0.12647
"2658",0,0.12643
"3211",0,0.12643
"1695",0,0.1264
"572",0,0.12616
"2239",0,0.12594
"1971",0,0.12588
"2336",0,0.12587
"1252",0,0.12495
"1120",0,0.12473
"582",0,0.12443
"1728",0,0.12441
"1156",0,0.12439
"2349",0,0.12431
"1095",0,0.12418
"1365",0,0.12404
"2387",0,0.12404
"1500",0,0.12376
"126",1,0.12333
"3544",0,0.12327
"2068",0,0.12303
"2380",0,0.12302
"2717",0,0.12247
"2631",0,0.12246
"1656",0,0.12228
"2355",0,0.12224
"2341",0,0.12222
"1911",0,0.122
"1034",0,0.12146
"2004",0,0.12144
"1371",0,0.12123
"2828",0,0.12117
"1502",0,0.12084
"1364",0,0.12075
"1503",0,0.12061
"1608",0,0.12056
"3319",0,0.12055
"2835",0,0.1205
"3382",0,0.1205
"951",0,0.12038
"1348",0,0.12021
"1680",0,0.12016
"2462",0,0.12002
"1372",0,0.11886
"2642",0,0.11886
"3199",0,0.11886
"1701",0,0.11881
"3548",0,0.11865
"1131",0,0.11857
"2900",0,0.11848
"1812",0,0.11838
"1579",0,0.11832
"1863",0,0.11826
"1674",0,0.1182
"608",0,0.11806
"1002",0,0.11793
"2464",0,0.11792
"966",0,0.11787
"786",0,0.11768
"2662",0,0.11761
"540",0,0.11755
"854",0,0.11752
"499",0,0.11703
"1015",0,0.11684
"2142",0,0.11684
"2657",0,0.11674
"3210",0,0.11674
"1249",0,0.11663
"556",0,0.11647
"2324",0,0.1163
"936",0,0.11625
"2965",0,0.1162
"206",1,0.11586
"3485",0,0.11582
"1268",0,0.11533
"2155",0,0.11523
"1232",0,0.11487
"1498",0,0.11477
"2639",0,0.11466
"3198",0,0.11466
"2006",0,0.1146
"2477",0,0.11458
"2848",0,0.11381
"3397",0,0.11381
"836",0,0.11366
"3498",0,0.11356
"2581",0,0.1135
"1814",0,0.1133
"1716",0,0.113
"2447",0,0.11289
"1050",0,0.11226
"1776",0,0.11218
"3243",0,0.11214
"1644",0,0.11213
"564",0,0.11212
"1675",0,0.112
"2967",0,0.11192
"3512",0,0.11192
"1423",0,0.11182
"931",0,0.11172
"2698",0,0.11165
"874",0,0.11151
"1311",0,0.11132
"818",0,0.11126
"1849",0,0.11119
"1530",0,0.1111
"539",0,0.11108
"384",1,0.11076
"3371",0,0.11059
"2829",0,0.1102
"853",0,0.11007
"619",0,0.10988
"3678",1,0.10988
"3230",0,0.10981
"1836",0,0.1098
"2185",0,0.10938
"3218",0,0.10935
"2793",0,0.10931
"3333",0,0.10931
"1471",0,0.10916
"328",1,0.10879
"899",0,0.10879
"623",0,0.10872
"2054",0,0.10859
"2115",0,0.10851
"125",1,0.10839
"1494",0,0.10834
"2008",0,0.10811
"2723",0,0.10786
"1979",0,0.10785
"3103",1,0.10783
"3657",1,0.10783
"1509",0,0.10776
"2106",0,0.10768
"2234",0,0.10767
"2070",0,0.1076
"988",0,0.10754
"1512",0,0.1074
"1672",0,0.10739
"2000",0,0.10719
"2435",0,0.10718
"1478",0,0.10703
"2408",0,0.10683
"3024",1,0.10672
"3579",1,0.10672
"2345",0,0.10657
"647",0,0.10631
"999",0,0.10631
"1132",0,0.10621
"2689",0,0.10619
"3237",0,0.10619
"584",0,0.10611
"1504",0,0.10596
"2367",0,0.10587
"2768",0,0.10543
"2725",0,0.1054
"3267",0,0.1054
"3723",1,0.10527
"1818",0,0.10525
"2471",0,0.10485
"3192",0,0.10473
"2210",0,0.10469
"1835",0,0.10449
"1208",0,0.1044
"2861",0,0.10434
"3404",0,0.10434
"1269",0,0.10425
"2914",0,0.10422
"1799",0,0.10405
"2873",0,0.10385
"3414",0,0.10385
"1352",0,0.10366
"1211",0,0.10346
"1548",0,0.10346
"844",0,0.10303
"668",0,0.10293
"1587",0,0.10289
"2424",0,0.10274
"2560",0,0.10274
"140",1,0.10266
"2863",0,0.10261
"1472",0,0.10182
"873",0,0.10178
"2588",0,0.10146
"2837",0,0.10131
"2570",0,0.10129
"2132",0,0.10122
"3521",0,0.10082
"2005",0,0.10045
"1334",0,0.10038
"1833",0,0.10038
"1402",0,0.10019
"2759",0,0.10012
"631",0,0.10011
"1670",0,0.1001
"1301",0,0.09991
"875",0,0.09979
"2223",0,0.09964
"2804",0,0.09937
"1280",0,0.09926
"1709",0,0.09908
"1413",0,0.09906
"1677",0,0.09889
"674",0,0.09887
"1067",0,0.09883
"2862",0,0.09875
"828",0,0.09857
"1089",0,0.09854
"2317",0,0.09844
"1142",0,0.0982
"1592",0,0.09803
"1982",0,0.09801
"2078",0,0.09793
"1588",0,0.0979
"2344",0,0.09771
"1582",0,0.09769
"543",0,0.09767
"1857",0,0.09766
"625",0,0.09722
"1501",0,0.0971
"1800",0,0.09689
"305",1,0.09669
"1403",0,0.0965
"2099",0,0.09643
"2096",0,0.09636
"2107",0,0.09613
"2812",0,0.09608
"3356",0,0.09608
"1461",0,0.09606
"3406",0,0.09603
"3299",0,0.09562
"2143",0,0.09541
"1888",0,0.09526
"2644",0,0.09515
"2660",0,0.09496
"2029",0,0.09484
"2140",0,0.09468
"1190",0,0.09467
"509",0,0.09461
"2508",0,0.09445
"576",0,0.09422
"17",1,0.09412
"1641",0,0.09398
"2623",0,0.09393
"830",0,0.09391
"2197",0,0.0939
"123",1,0.09369
"1581",0,0.09368
"1284",0,0.09367
"48",1,0.09358
"2502",0,0.09355
"1551",0,0.09349
"546",0,0.09344
"2288",0,0.09335
"2215",0,0.09332
"2824",0,0.09318
"3367",0,0.09318
"510",0,0.09317
"637",0,0.09312
"2346",0,0.093
"2486",0,0.09282
"2596",0,0.09279
"2526",0,0.09276
"1678",0,0.09264
"2538",0,0.09263
"2578",0,0.0926
"2882",0,0.09241
"3424",0,0.09241
"616",0,0.0924
"2663",0,0.09239
"2484",0,0.09238
"2795",0,0.09238
"3336",0,0.09238
"982",0,0.09231
"2217",0,0.0922
"2348",0,0.09217
"484",1,0.09209
"3745",1,0.09209
"2951",0,0.09192
"825",0,0.0919
"1292",0,0.09184
"2777",0,0.09178
"3313",0,0.09178
"1359",0,0.09151
"2309",0,0.09138
"2399",0,0.09128
"2982",0,0.09128
"3539",0,0.09128
"1514",0,0.09098
"2856",0,0.09088
"1840",0,0.09078
"380",1,0.09074
"2583",0,0.09072
"607",0,0.09047
"1527",0,0.09042
"2219",0,0.09031
"2453",0,0.09023
"2161",0,0.0902
"1997",0,0.09019
"1802",0,0.09
"2675",0,0.08999
"1580",0,0.08959
"261",1,0.08942
"2293",0,0.08932
"1848",0,0.08929
"788",0,0.08921
"2221",0,0.08894
"1460",0,0.08856
"2100",0,0.08842
"1554",0,0.08832
"1484",0,0.08831
"1011",0,0.08828
"523",0,0.08813
"346",1,0.08808
"2552",0,0.08789
"1291",0,0.08783
"3204",0,0.08781
"1378",0,0.08774
"1393",0,0.08752
"1604",0,0.08743
"1035",0,0.08742
"1762",0,0.08741
"1054",0,0.08728
"724",0,0.08716
"2148",0,0.08712
"2607",0,0.0871
"1944",0,0.08703
"639",0,0.08699
"1681",0,0.08699
"948",0,0.08694
"2390",0,0.08692
"3524",0,0.08686
"804",0,0.08673
"1697",0,0.0867
"2604",0,0.0863
"2103",0,0.08625
"3377",0,0.08625
"1791",0,0.08613
"1891",0,0.08609
"802",0,0.08577
"1508",0,0.08575
"3223",0,0.08574
"725",0,0.08543
"969",0,0.08527
"1426",0,0.08524
"1485",0,0.08523
"1027",0,0.0851
"1873",0,0.08486
"1418",0,0.08465
"3286",0,0.08437
"2833",0,0.08436
"3466",0,0.0843
"507",0,0.08423
"1760",0,0.08376
"2997",1,0.08375
"3555",1,0.08375
"672",0,0.08372
"689",0,0.08348
"1954",0,0.08335
"575",0,0.08329
"2649",0,0.08324
"2802",0,0.08323
"1732",0,0.08321
"1405",0,0.08306
"1200",0,0.08283
"1983",0,0.08269
"1452",0,0.08265
"2311",0,0.08238
"690",0,0.08235
"1260",0,0.08235
"1363",0,0.08234
"529",0,0.08208
"1689",0,0.0819
"2786",0,0.08185
"3328",0,0.08185
"2558",0,0.08169
"1741",0,0.08162
"3421",0,0.08151
"1920",0,0.08146
"2186",0,0.08105
"3235",0,0.08105
"1978",0,0.081
"1998",0,0.08098
"2590",0,0.08068
"2781",0,0.08068
"3325",0,0.08068
"2192",0,0.08065
"2442",0,0.0803
"1415",0,0.0802
"748",0,0.07996
"3408",0,0.07984
"1110",0,0.07978
"1358",0,0.07945
"1531",0,0.07933
"502",0,0.07912
"2785",0,0.07912
"2043",0,0.07905
"1482",0,0.07896
"998",0,0.07893
"803",0,0.07881
"2960",0,0.07871
"3502",0,0.07871
"790",0,0.07867
"117",1,0.07864
"2360",0,0.07845
"2925",0,0.07824
"2371",0,0.07821
"847",0,0.07814
"1085",0,0.07799
"2268",0,0.07794
"38",1,0.07768
"1270",0,0.07766
"2452",0,0.07764
"3494",0,0.07753
"3196",0,0.07752
"1721",0,0.0775
"2652",0,0.07736
"1613",0,0.07717
"2189",0,0.07714
"752",0,0.07711
"2116",0,0.0771
"549",0,0.07705
"2729",0,0.07699
"3269",0,0.07699
"1612",0,0.07684
"1792",0,0.0767
"2741",0,0.07658
"3363",0,0.07654
"610",0,0.07644
"1645",0,0.07632
"3399",0,0.07628
"852",0,0.07625
"1210",0,0.07619
"1638",0,0.07613
"1722",0,0.07598
"1244",0,0.07559
"1593",0,0.07559
"975",0,0.07552
"213",1,0.07549
"965",0,0.07541
"512",0,0.07533
"2757",0,0.07529
"3289",0,0.07529
"2199",0,0.07517
"1743",0,0.07515
"905",0,0.07511
"2632",0,0.07488
"1032",0,0.07481
"1369",0,0.07465
"926",0,0.07456
"744",0,0.07433
"2745",0,0.07429
"2844",0,0.07418
"3391",0,0.07418
"1775",0,0.07365
"841",0,0.07355
"885",0,0.07332
"681",0,0.0733
"1924",0,0.07322
"1946",0,0.07306
"599",0,0.07277
"1631",0,0.07273
"1896",0,0.07257
"2086",0,0.07231
"3515",0,0.07229
"3236",0,0.07222
"2628",0,0.07221
"3190",0,0.07221
"2425",0,0.07216
"252",1,0.0721
"2803",0,0.07205
"1904",0,0.07203
"2485",0,0.07186
"2443",0,0.07176
"764",0,0.07175
"980",0,0.07172
"1657",0,0.07165
"2690",0,0.07156
"1851",0,0.07145
"851",0,0.07125
"2171",0,0.07117
"2082",0,0.07082
"2699",0,0.07079
"3242",0,0.07079
"2062",0,0.07068
"3302",0,0.07051
"3222",0,0.07048
"2540",0,0.07039
"1189",0,0.07036
"712",0,0.07035
"1247",0,0.07028
"784",0,0.06993
"1687",0,0.06983
"989",0,0.06959
"1207",0,0.06957
"2493",0,0.06951
"2263",0,0.06948
"2813",0,0.06939
"1571",0,0.06932
"879",0,0.06923
"1105",0,0.06919
"2257",0,0.06882
"525",0,0.06813
"1440",0,0.06809
"1649",0,0.06763
"566",0,0.06747
"565",0,0.06727
"1300",0,0.06727
"1416",0,0.0672
"1069",0,0.06708
"3265",0,0.06698
"1080",0,0.06683
"669",0,0.0667
"2067",0,0.06665
"3747",1,0.0665
"706",0,0.06645
"919",0,0.0664
"3499",0,0.0664
"2023",0,0.06616
"1577",0,0.06593
"1458",0,0.06587
"3028",1,0.06565
"3513",0,0.06555
"2674",0,0.06551
"1340",0,0.06546
"1715",0,0.06544
"1603",0,0.0654
"2376",0,0.06527
"3249",0,0.06526
"1042",0,0.06502
"1565",0,0.06479
"524",0,0.0647
"2478",0,0.06463
"838",0,0.06443
"921",0,0.06433
"1780",0,0.06414
"2834",0,0.06406
"3380",0,0.06406
"1337",0,0.06399
"1265",0,0.06396
"2158",0,0.06388
"901",0,0.0638
"1288",0,0.06338
"1146",0,0.06334
"2316",0,0.06331
"1869",0,0.0632
"661",0,0.06312
"2449",0,0.06295
"2196",0,0.06275
"2097",0,0.0627
"1556",0,0.06248
"761",0,0.0624
"839",0,0.0619
"1515",0,0.06177
"3467",0,0.06145
"2510",0,0.0614
"654",0,0.06127
"771",0,0.0612
"1456",0,0.06105
"2905",0,0.06098
"2780",0,0.06068
"1883",0,0.06067
"1020",0,0.06065
"1870",0,0.06053
"3202",0,0.06049
"1243",0,0.0603
"2617",0,0.06021
"2287",0,0.06012
"941",0,0.06007
"1258",0,0.06002
"902",0,0.05993
"1091",0,0.0599
"2050",0,0.0599
"2480",0,0.05984
"2254",0,0.05969
"2544",0,0.05969
"699",0,0.05948
"555",0,0.05916
"1049",0,0.05916
"2820",0,0.05916
"1505",0,0.05891
"2519",0,0.05863
"2361",0,0.0586
"1179",0,0.05854
"1129",0,0.05851
"1866",0,0.05813
"1506",0,0.05809
"3527",0,0.05805
"794",0,0.05802
"2481",0,0.05801
"3666",1,0.05799
"1023",0,0.05798
"351",1,0.05791
"2765",0,0.05789
"2721",0,0.05773
"3355",0,0.05772
"158",1,0.05756
"286",1,0.05752
"1272",0,0.05738
"1382",0,0.05732
"1626",0,0.05726
"2304",0,0.05724
"815",0,0.05705
"783",0,0.05687
"1254",0,0.05685
"1517",0,0.05664
"1768",0,0.05651
"470",1,0.05648
"1516",0,0.05622
"2465",0,0.05607
"1302",0,0.056
"1092",0,0.05591
"2213",0,0.05589
"1693",0,0.05584
"2098",0,0.05563
"1077",0,0.05542
"1230",0,0.05535
"628",0,0.05526
"1602",0,0.05519
"2010",0,0.05514
"1778",0,0.05499
"1591",0,0.05486
"2537",0,0.05484
"1714",0,0.05481
"2600",0,0.0548
"2232",0,0.05476
"1817",0,0.0547
"634",0,0.05469
"2373",0,0.05466
"2532",0,0.05466
"665",0,0.05465
"2357",0,0.05458
"1144",0,0.05423
"2730",0,0.05411
"2394",0,0.05409
"2884",0,0.05394
"1507",0,0.05383
"2533",0,0.05368
"298",1,0.05364
"886",0,0.05364
"2832",0,0.05359
"3378",0,0.05359
"2926",0,0.05338
"972",0,0.05317
"1919",0,0.05306
"2850",0,0.05302
"1607",0,0.053
"2243",0,0.05298
"2985",0,0.05293
"3547",0,0.05293
"2007",0,0.05273
"2305",0,0.0525
"1950",0,0.05234
"955",0,0.05228
"876",0,0.05204
"2707",0,0.05201
"2342",0,0.05191
"2434",0,0.05184
"1118",0,0.05172
"2475",0,0.05172
"1293",0,0.05143
"3272",0,0.05142
"1082",0,0.05122
"2118",0,0.05119
"3497",0,0.05117
"1033",0,0.05089
"817",0,0.05087
"1795",0,0.05081
"1659",0,0.05078
"3212",0,0.05071
"1389",0,0.05052
"1411",0,0.05047
"1882",0,0.0503
"2569",0,0.05028
"1686",0,0.05015
"1578",0,0.0501
"1109",0,0.05006
"589",0,0.04979
"1086",0,0.04969
"81",1,0.04968
"3127",1,0.04965
"3685",1,0.04965
"1194",0,0.04961
"2505",0,0.04954
"2031",0,0.04922
"1310",0,0.04912
"1847",0,0.04888
"3387",0,0.04864
"2582",0,0.04859
"657",0,0.04857
"2851",0,0.04856
"3400",0,0.04856
"1969",0,0.04837
"1057",0,0.04836
"789",0,0.04835
"2722",0,0.04819
"2942",0,0.04816
"750",0,0.04815
"1619",0,0.04815
"1040",0,0.04808
"1303",0,0.04808
"1345",0,0.04806
"3549",0,0.04782
"1496",0,0.04748
"1841",0,0.04724
"2693",0,0.04721
"3238",0,0.04721
"1449",0,0.04703
"1773",0,0.04694
"1633",0,0.04691
"1520",0,0.04684
"1555",0,0.04683
"1665",0,0.04681
"970",0,0.04663
"648",0,0.0466
"1282",0,0.0466
"685",0,0.04656
"2053",0,0.04649
"1097",0,0.04642
"870",0,0.04628
"2716",0,0.04617
"3254",0,0.04617
"1912",0,0.04614
"2235",0,0.04613
"1627",0,0.04603
"1481",0,0.046
"3221",0,0.046
"2624",0,0.04595
"395",1,0.04594
"1798",0,0.04591
"2198",0,0.04591
"738",0,0.04588
"1193",0,0.04587
"2182",0,0.04585
"715",0,0.04574
"613",0,0.04561
"1600",0,0.04547
"370",1,0.04545
"2718",0,0.0454
"2973",0,0.04529
"1787",0,0.04521
"1221",0,0.04519
"2340",0,0.04518
"667",0,0.04514
"2531",0,0.04513
"756",0,0.04512
"1113",0,0.04505
"2285",0,0.04502
"3341",0,0.04495
"1928",0,0.04494
"1477",0,0.04488
"1022",0,0.04484
"3620",1,0.04483
"503",0,0.04478
"2904",0,0.04475
"2938",0,0.04455
"2497",0,0.04445
"2822",0,0.04432
"3250",0,0.04429
"3484",0,0.04419
"1155",0,0.04417
"1746",0,0.04411
"2701",0,0.04404
"811",0,0.044
"1098",0,0.044
"1541",0,0.044
"1605",0,0.04385
"2728",0,0.04385
"2209",0,0.04375
"1480",0,0.04371
"2749",0,0.04371
"2090",0,0.04364
"1342",0,0.04359
"2542",0,0.04351
"1140",0,0.04334
"1698",0,0.04318
"1279",0,0.04315
"1858",0,0.04314
"1910",0,0.04297
"2014",0,0.04293
"3217",0,0.0429
"1421",0,0.0427
"2382",0,0.0426
"1187",0,0.04259
"745",0,0.04252
"1648",0,0.04249
"2774",0,0.04248
"2169",0,0.04247
"1539",0,0.04244
"2646",0,0.04239
"500",0,0.04236
"626",0,0.04235
"1395",0,0.04219
"754",0,0.04216
"2012",0,0.04215
"1205",0,0.04199
"1963",0,0.04189
"3519",0,0.04171
"1871",0,0.0417
"1104",0,0.04169
"1277",0,0.04166
"514",0,0.04138
"3234",0,0.04129
"956",0,0.04126
"3354",0,0.04123
"1524",0,0.04116
"1945",0,0.04103
"2801",0,0.04099
"3338",0,0.04099
"2323",0,0.04095
"2987",0,0.04092
"3314",0,0.04085
"3228",0,0.04082
"2352",0,0.04079
"2541",0,0.0406
"2983",0,0.04055
"3540",0,0.04055
"1245",0,0.04048
"1061",0,0.04044
"3185",1,0.04038
"1171",0,0.04037
"2756",0,0.04023
"3288",0,0.04023
"3257",0,0.04007
"2400",0,0.04002
"1177",0,0.03993
"2261",0,0.03987
"1229",0,0.03985
"1457",0,0.03984
"2605",0,0.03971
"3346",0,0.03955
"1141",0,0.03953
"3379",0,0.03936
"1544",0,0.03924
"2591",0,0.03909
"1227",0,0.03902
"1410",0,0.03888
"587",0,0.03849
"1843",0,0.03848
"2503",0,0.0383
"3294",0,0.03821
"1652",0,0.03819
"1708",0,0.03819
"1742",0,0.03811
"2594",0,0.0381
"963",0,0.03786
"1273",0,0.03782
"713",0,0.03775
"2017",0,0.03774
"758",0,0.03766
"1267",0,0.03756
"682",0,0.03749
"1975",0,0.03749
"1319",0,0.03743
"1447",0,0.03736
"705",0,0.03735
"1830",0,0.03731
"678",0,0.03722
"2492",0,0.03693
"2697",0,0.03689
"580",0,0.03684
"795",0,0.03684
"2145",0,0.03669
"1100",0,0.03667
"1959",0,0.03658
"2030",0,0.03658
"826",0,0.03653
"1723",0,0.03643
"1353",0,0.03621
"2778",0,0.03616
"453",1,0.03615
"2079",0,0.03601
"2058",0,0.03596
"2794",0,0.03591
"3334",0,0.03591
"2620",0,0.03587
"2202",0,0.03574
"2910",0,0.03562
"801",0,0.03549
"834",0,0.03531
"1832",0,0.03525
"2397",0,0.03525
"1004",0,0.03517
"3464",0,0.03512
"977",0,0.03494
"185",1,0.03489
"1902",0,0.03489
"3173",1,0.03489
"978",0,0.03481
"1756",0,0.03466
"2621",0,0.03461
"1486",0,0.0346
"2956",0,0.03457
"872",0,0.03449
"2002",0,0.03446
"1052",0,0.03442
"2051",0,0.03442
"2258",0,0.03437
"593",0,0.03435
"928",0,0.03435
"1107",0,0.03434
"2760",0,0.03415
"2410",0,0.03407
"1076",0,0.034
"2554",0,0.03397
"2637",0,0.03396
"2003",0,0.0338
"1330",0,0.0337
"1399",0,0.03365
"2194",0,0.03361
"2874",0,0.03356
"588",0,0.03345
"3411",0,0.03343
"2147",0,0.03335
"660",0,0.03329
"2124",0,0.03324
"336",1,0.03312
"558",0,0.03272
"2950",0,0.03252
"3259",0,0.0325
"730",0,0.03248
"2630",0,0.03239
"1726",0,0.0323
"2518",0,0.03228
"800",0,0.03222
"1489",0,0.0322
"2450",0,0.03203
"3543",0,0.03197
"2270",0,0.03185
"338",1,0.03178
"1463",0,0.03177
"1711",0,0.03177
"413",1,0.03152
"1745",0,0.03148
"2015",0,0.03147
"2081",0,0.03146
"2525",0,0.03141
"2661",0,0.03127
"3214",0,0.03127
"1542",0,0.03117
"1154",0,0.03102
"3301",0,0.03089
"925",0,0.03078
"2166",0,0.03073
"782",0,0.03058
"1616",0,0.03055
"2253",0,0.03055
"1112",0,0.0305
"1642",0,0.03048
"3245",0,0.03037
"3206",0,0.03036
"1114",0,0.03033
"1135",0,0.03012
"1801",0,0.02984
"2109",0,0.02958
"893",0,0.02957
"2843",0,0.02934
"3390",0,0.02934
"3264",0,0.02914
"2295",0,0.02911
"1712",0,0.029
"1790",0,0.02892
"1951",0,0.02885
"2167",0,0.02873
"2566",0,0.02851
"2398",0,0.02849
"2444",0,0.02844
"2069",0,0.02822
"3368",0,0.02819
"2128",0,0.02817
"1811",0,0.02801
"2278",0,0.02793
"3224",0,0.02791
"2136",0,0.02784
"2418",0,0.02761
"1044",0,0.0275
"1861",0,0.02742
"2753",0,0.02731
"1409",0,0.02723
"1621",0,0.0272
"2529",0,0.02716
"701",0,0.02703
"1191",0,0.02691
"2601",0,0.0269
"908",0,0.0268
"1115",0,0.0267
"692",0,0.02655
"2603",0,0.02645
"1900",0,0.02623
"1362",0,0.02618
"1810",0,0.02613
"1583",0,0.0261
"2409",0,0.02608
"1058",0,0.026
"2072",0,0.02586
"1160",0,0.02576
"1008",0,0.02565
"3405",0,0.02564
"2467",0,0.02558
"3300",0,0.02543
"2984",0,0.02542
"3541",0,0.02542
"1047",0,0.02533
"3392",0,0.02528
"1007",0,0.02527
"1174",0,0.02527
"1829",0,0.02523
"2667",0,0.02517
"3381",0,0.02511
"2766",0,0.02493
"2117",0,0.02492
"1344",0,0.0248
"1390",0,0.02479
"2091",0,0.02479
"3542",0,0.02478
"2063",0,0.02465
"3323",0,0.02463
"1617",0,0.02454
"942",0,0.02449
"2708",0,0.02446
"1931",0,0.02444
"940",0,0.02431
"2501",0,0.02427
"3305",0,0.02421
"1973",0,0.02401
"1125",0,0.02363
"2479",0,0.02362
"1552",0,0.0235
"1240",0,0.02348
"1168",0,0.02335
"2543",0,0.02306
"1133",0,0.02304
"2806",0,0.0229
"913",0,0.02287
"659",0,0.02286
"2353",0,0.02276
"1725",0,0.02271
"1253",0,0.02269
"2458",0,0.02243
"1819",0,0.02218
"2770",0,0.02214
"3304",0,0.02214
"2714",0,0.02206
"2563",0,0.02205
"2886",0,0.02198
"1039",0,0.02194
"1072",0,0.02185
"3468",0,0.02157
"1759",0,0.02155
"2840",0,0.02124
"2897",0,0.02117
"2695",0,0.02108
"567",0,0.02073
"2057",0,0.02072
"1299",0,0.0207
"531",0,0.02052
"2687",0,0.02043
"2860",0,0.02041
"3455",0,0.02031
"2747",0,0.02029
"848",0,0.02022
"3316",0,0.02019
"1075",0,0.02018
"927",0,0.02016
"775",0,0.01943
"3528",0,0.01941
"1557",0,0.01915
"1025",0,0.01914
"759",0,0.01904
"3634",1,0.01892
"2677",0,0.01878
"3225",0,0.01878
"1377",0,0.01873
"2205",0,0.01871
"2896",0,0.01856
"2087",0,0.01844
"2300",0,0.01831
"2420",0,0.01831
"604",0,0.01828
"2779",0,0.01819
"3315",0,0.01819
"1932",0,0.01804
"2638",0,0.01796
"2879",0,0.01792
"904",0,0.01772
"1128",0,0.01768
"2916",0,0.0175
"2038",0,0.01731
"1019",0,0.0172
"1519",0,0.01718
"2970",0,0.01713
"2528",0,0.01711
"1259",0,0.017
"711",0,0.01683
"2825",0,0.01682
"3520",0,0.01673
"3274",0,0.01667
"3385",0,0.0166
"2428",0,0.01641
"2869",0,0.01615
"3412",0,0.01615
"3108",1,0.01609
"3661",1,0.01609
"605",0,0.01606
"643",0,0.01605
"2955",0,0.01601
"2681",0,0.01598
"2885",0,0.01594
"1271",0,0.0158
"2576",0,0.01577
"2909",0,0.01567
"3256",0,0.01541
"2670",0,0.01531
"1248",0,0.01526
"1939",0,0.01498
"656",0,0.01475
"1772",0,0.01475
"2437",0,0.01439
"2878",0,0.01434
"3493",0,0.0142
"1488",0,0.01416
"807",0,0.01411
"1013",0,0.01398
"2092",0,0.01389
"938",0,0.01384
"535",0,0.01382
"1635",0,0.01377
"1586",0,0.01358
"3482",0,0.01353
"1632",0,0.01347
"3258",0,0.01345
"1010",0,0.01342
"633",0,0.01334
"1326",0,0.01334
"1914",0,0.01314
"3450",0,0.01282
"2683",0,0.0128
"3231",0,0.0128
"2888",0,0.01267
"943",0,0.01264
"2629",0,0.01235
"1661",0,0.0123
"2419",0,0.01215
"1532",0,0.01206
"1839",0,0.01204
"1788",0,0.01167
"2472",0,0.01164
"2535",0,0.01159
"1370",0,0.01144
"1246",0,0.01137
"2513",0,0.01137
"1779",0,0.01108
"3489",0,0.01099
"1053",0,0.01077
"375",1,0.01076
"2919",0,0.01075
"2431",0,0.01054
"52",1,0.01039
"3052",1,0.01039
"3599",1,0.01039
"3451",0,0.01033
"3490",0,0.01027
"3318",0,0.01014
"3115",1,0.01013
"1823",0,0.01011
"1170",0,0.01005
"2421",0,0.00996
"2195",0,0.0099
"2933",0,0.0098
"3426",0,0.00967
"3342",0,0.00964
"3233",0,0.00959
"2297",0,0.00957
"814",0,0.00937
"1820",0,0.00931
"1957",0,0.00928
"2417",0,0.00923
"3292",0,0.0091
"1384",0,0.00905
"1886",0,0.00903
"1257",0,0.00893
"2011",0,0.00874
"2463",0,0.00874
"3111",1,0.00873
"2754",0,0.00868
"2923",0,0.00863
"2445",0,0.00858
"1584",0,0.00855
"569",0,0.00846
"2647",0,0.00846
"930",0,0.00837
"1618",0,0.00831
"1368",0,0.00829
"809",0,0.00821
"1059",0,0.00802
"1255",0,0.008
"2735",0,0.00799
"3273",0,0.00799
"2772",0,0.00786
"949",0,0.0078
"1937",0,0.00775
"3369",0,0.00761
"1376",0,0.0076
"1111",0,0.00753
"1036",0,0.00743
"1473",0,0.00743
"2016",0,0.00732
"551",0,0.00728
"808",0,0.00728
"827",0,0.00728
"1172",0,0.00716
"780",0,0.00714
"3216",0,0.00703
"2724",0,0.007
"3263",0,0.007
"2395",0,0.00699
"1045",0,0.00691
"2743",0,0.0068
"3366",0,0.00642
"737",0,0.00635
"2959",0,0.00627
"559",0,0.00624
"3568",1,0.00623
"1122",0,0.00615
"2260",0,0.00611
"856",0,0.0061
"757",0,0.00609
"1806",0,0.00609
"2875",0,0.00606
"2044",0,0.00603
"1060",0,0.00594
"3476",0,0.00593
"1274",0,0.00585
"1239",0,0.00584
"1899",0,0.0058
"1521",0,0.00574
"1825",0,0.00558
"3335",0,0.00543
"353",1,0.0054
"697",0,0.00536
"2928",0,0.00524
"3465",0,0.00524
"2949",0,0.00519
"2805",0,0.00512
"3344",0,0.00512
"2890",0,0.00507
"2034",0,0.00502
"1124",0,0.00499
"1933",0,0.00499
"1487",0,0.00493
"3488",0,0.00491
"937",0,0.00489
"824",0,0.00481
"2666",0,0.00477
"2867",0,0.00474
"412",1,0.00463
"2769",0,0.00463
"1663",0,0.00459
"1789",0,0.00456
"2932",0,0.00432
"3525",0,0.00423
"2064",0,0.00413
"2146",0,0.0041
"2891",0,0.00398
"3435",0,0.00398
"2653",0,0.00393
"1629",0,0.0039
"2165",0,0.00387
"2977",0,0.00383
"2971",0,0.00371
"2511",0,0.00334
"892",0,0.00327
"3529",0,0.00327
"2579",0,0.00326
"557",0,0.00322
"2520",0,0.0032
"2935",0,0.00315
"3445",0,0.00315
"3470",0,0.00312
"2509",0,0.00304
"2889",0,0.00302
"3432",0,0.00302
"1855",0,0.00294
"2946",0,0.00285
"3531",0,0.00266
"3306",0,0.0026
"3504",0,0.00249
"2094",0,0.00237
"3441",0,0.0023
"995",0,0.00229
"3473",0,0.0022
"1913",0,0.00216
"2948",0,0.00207
"3487",0,0.00207
"2975",0,0.00199
"3398",0,0.00197
"2686",0,0.00196
"3446",0,0.00193
"2799",0,0.0019
"2636",0,0.00185
"1422",0,0.00181
"793",0,0.00178
"932",0,0.00178
"2334",0,0.00177
"3312",0,0.00173
"2742",0,0.00162
"3311",0,0.00161
"3417",0,0.00157
"3518",0,0.00155
"2193",0,0.00147
"952",0,0.00141
"1159",0,0.00137
"2152",0,0.00136
"2231",0,0.00136
"3546",0,0.0013
"1707",0,0.00125
"263",1,0.00124
"3280",0,0.00123
"2280",0,0.00117
"545",0,0.00116
"2797",0,0.00116
"3277",0,0.00111
"1018",0,0.00103
"3471",0,0.00101
"2849",0,9e-04
"3415",0,9e-04
"2798",0,0.00087
"3337",0,0.00087
"2898",0,0.00086
"3440",0,0.00086
"2859",0,0.00082
"3401",0,0.00082
"2855",0,8e-04
"3402",0,8e-04
"2020",0,0.00079
"3496",0,0.00077
"3505",0,0.00077
"1804",0,0.00075
"2936",0,0.00075
"2839",0,0.00073
"1636",0,7e-04
"2947",0,0.00063
"3486",0,0.00063
"798",0,0.00057
"1161",0,0.00057
"2972",0,0.00055
"2953",0,0.00051
"986",0,0.00048
"2929",0,0.00046
"3229",0,0.00043
"1241",0,0.00042
"653",0,4e-04
"2679",0,4e-04
"2548",0,0.00039
"3431",0,0.00036
"742",0,0.00034
"3734",1,0.00033
"241",1,0.00032
"2499",0,0.00032
"2868",0,0.00032
"2841",0,3e-04
"242",1,0.00029
"3347",0,0.00028
"1198",0,0.00027
"2893",0,0.00027
"324",1,0.00026
"2737",0,0.00026
"3475",0,0.00024
"2337",0,0.00023
"266",1,0.00022
"1620",0,0.00021
"91",1,2e-04
"303",1,2e-04
"796",0,0.00019
"2678",0,0.00019
"325",1,0.00018
"3532",0,0.00018
"127",1,0.00017
"414",1,0.00017
"1336",0,0.00017
"2810",0,0.00017
"3352",0,0.00017
"457",1,0.00016
"1454",0,0.00016
"2277",0,0.00016
"3454",0,0.00016
"128",1,0.00015
"1335",0,0.00015
"1196",0,0.00014
"3149",1,0.00014
"3436",0,0.00013
"1753",0,0.00012
"2800",0,0.00012
"3353",0,0.00012
"881",0,0.00011
"1157",0,1e-04
"1786",0,1e-04
"1895",0,1e-04
"2703",0,1e-04
"3443",0,1e-04
"630",0,9e-05
"1993",0,9e-05
"2615",0,9e-05
"2918",0,9e-05
"2940",0,9e-05
"3448",0,9e-05
"3456",0,9e-05
"3478",0,9e-05
"458",1,8e-05
"983",0,8e-05
"1024",0,8e-05
"1038",0,8e-05
"2041",0,8e-05
"1119",0,7e-05
"1492",0,7e-05
"2075",0,7e-05
"2767",0,7e-05
"2979",0,7e-05
"3297",0,7e-05
"3331",0,7e-05
"3296",0,6e-05
"3459",0,6e-05
"153",1,5e-05
"374",1,5e-05
"797",0,5e-05
"1199",0,5e-05
"2076",0,5e-05
"2791",0,5e-05
"2894",0,5e-05
"3330",0,5e-05
"3434",0,5e-05
"3438",0,5e-05
"304",1,4e-05
"779",0,4e-05
"1877",0,4e-05
"1994",0,4e-05
"2108",0,4e-05
"2941",0,4e-05
"3479",0,4e-05
"354",1,3e-05
"897",0,3e-05
"984",0,3e-05
"1176",0,3e-05
"1217",0,3e-05
"1295",0,3e-05
"1398",0,3e-05
"2320",0,3e-05
"2524",0,3e-05
"2865",0,3e-05
"3112",1,3e-05
"3194",0,3e-05
"3195",0,3e-05
"3409",0,3e-05
"3418",0,3e-05
"611",0,2e-05
"629",0,2e-05
"652",0,2e-05
"741",0,2e-05
"1294",0,2e-05
"1355",0,2e-05
"1396",0,2e-05
"1397",0,2e-05
"1432",0,2e-05
"1563",0,2e-05
"1916",0,2e-05
"2039",0,2e-05
"2040",0,2e-05
"2276",0,2e-05
"2415",0,2e-05
"2549",0,2e-05
"2550",0,2e-05
"2597",0,2e-05
"2616",0,2e-05
"2814",0,2e-05
"2921",0,2e-05
"3278",0,2e-05
"3410",0,2e-05
"3437",0,2e-05
"399",1,1e-05
"554",0,1e-05
"597",0,1e-05
"694",0,1e-05
"820",0,1e-05
"821",0,1e-05
"822",0,1e-05
"845",0,1e-05
"935",0,1e-05
"953",0,1e-05
"1000",0,1e-05
"1037",0,1e-05
"1056",0,1e-05
"1087",0,1e-05
"1139",0,1e-05
"1197",0,1e-05
"1238",0,1e-05
"1317",0,1e-05
"1354",0,1e-05
"1356",0,1e-05
"1357",0,1e-05
"1380",0,1e-05
"1455",0,1e-05
"1643",0,1e-05
"1706",0,1e-05
"1730",0,1e-05
"1769",0,1e-05
"1859",0,1e-05
"1860",0,1e-05
"1972",0,1e-05
"2019",0,1e-05
"2077",0,1e-05
"2150",0,1e-05
"2168",0,1e-05
"2211",0,1e-05
"2298",0,1e-05
"2299",0,1e-05
"2319",0,1e-05
"2374",0,1e-05
"2375",0,1e-05
"2439",0,1e-05
"2547",0,1e-05
"2704",0,1e-05
"2719",0,1e-05
"2720",0,1e-05
"2787",0,1e-05
"2811",0,1e-05
"2866",0,1e-05
"2903",0,1e-05
"2908",0,1e-05
"2939",0,1e-05
"2980",0,1e-05
"3209",0,1e-05
"3276",0,1e-05
"3332",0,1e-05
"3433",0,1e-05
"3442",0,1e-05
"3447",0,1e-05
"3458",0,1e-05
"3480",0,1e-05
"3534",0,1e-05
"3535",0,1e-05
"720",0,0
"846",0,0
"882",0,0
"898",0,0
"917",0,0
"1001",0,0
"1088",0,0
"1158",0,0
"1237",0,0
"1316",0,0
"1379",0,0
"1419",0,0
"1453",0,0
"1491",0,0
"1543",0,0
"1667",0,0
"1688",0,0
"2126",0,0
"2321",0,0
"2440",0,0
"2634",0,0
"2788",0,0
"2790",0,0
"2807",0,0
"2815",0,0
"2876",0,0
"2880",0,0
"2892",0,0
"2899",0,0
"2901",0,0
"2906",0,0
"2907",0,0
"2915",0,0
"2917",0,0
"2988",0,0
"2989",0,0
"3281",0,0
"3340",0,0
"3348",0,0
"3349",0,0
"3350",0,0
"3358",0,0
"3372",0,0
"3373",0,0
"3374",0,0
"3416",0,0
"3420",0,0
"3422",0,0
"3444",0,0
"3449",0,0
"3452",0,0
"3453",0,0
"3457",0,0
"3477",0,0
"3533",0,0
"3550",0,0
